Host_Name,Listings_Count,Total_Reviews_Per_Month
Mary,1,175.0700003
Diogo,25,144.1300001
GuoQing,7,129.6099997
Martin,19,104.3700008
John,1,103.5700004
Edyta,13,98.1699996
Daniel And G,97,95.76000039
Malcolm,41,94.61000028
Liam,17,92.51000023
Lucas,60,91.22999984
Paul,1,87.55
James,1,85.70000079
Michelle,29,82.48000073
Gregory Joseph,23,77.91999936
John,2,77.81999942
David,1,77.48999934
Sinead,1,73.63999964
Michelle,1,72.21999976
Gillian,12,70.16000032
Deni,9,69.78999877
The Rest,10,68.62000036
Beckett,6,66.17000055
Helen,1,58.60000046
Margaret,1,58.55000004
Zanzibar Locke,7,58.00000137
Steven,53,57.6800002
Karen,1,57.49999987
Joe,6,56.23999953
Louise,1,56.0599995
Michael,1,56.04000013
Marie,1,54.60999992
Le,3,54.54999924
Fiona,1,53.57000002
Peter,1,52.36000006
Deirdre,1,51.87999979
Sarah,1,51.30000022
Siobhan,1,50.8100006
Niamh,13,50.46999943
Patrick,1,50.35000031
Catherine,1,49.57999924
Alex,2,49.25999975
Kevin,1,48.00999998
Mary,3,47.84999979
Mark,1,46.35999972
Anne,1,46.1999995
Liam,1,44.96999982
Diarmuid,13,44.07999992
Seán,1,43.33999957
Paul,82,42.8399999
Joan,1,42.80000059
Mary,2,40.78000026
Conor,1,39.44999973
Ann,1,39.37000008
Breda,1,38.74999975
Patricia,1,38.43000004
Joe,1,38.06000078
Niall,8,37.52000022
Laura,1,36.67000024
Alan,1,36.15999968
Chandler,6,35.94000006
Brian,1,35.89000006
Sean,3,35.57999921
Sadia & Dee,5,35.56999969
Duanying,9,35.29999995
Margaret,2,34.95999976
Pat,1,34.53000005
Niall,2,34.42000121
Stephen,1,34.21000029
Aoife,1,33.88999999
Barry,1,33.61000055
Paul,4,33.38000071
Teresa,1,33.16000056
Maria,1,32.71999975
Aisling,1,32.28000006
Dublin Dream,7,32.1699996
Claire,1,31.96000034
Lisa,1,31.96000019
Johnny,38,31.70000008
Noel,3,31.10999948
Rachel,2,30.57999992
Michael,5,30.3199996
Tug Accommodation,10,30.11999989
Thomas,1,30.07000031
Joseph,1,29.95999992
Kathleen,1,29.92999991
Angela,1,29.32999977
James,23,29.28999996
Richard,1,29.10000022
Niall,1,29.02000019
Roisin,1,29.00000051
Sharon,1,28.95999973
Sandra,1,28.73999977
Andrew,1,28.62999988
Geraldine,1,28.54000011
John,3,28.50999938
Brian,2,28.44000067
Adam,1,28.39999974
Christopher,1,28.32999986
Simon,1,27.69000024
Carmel,1,27.65999983
Padraig,1,27.39999995
Anna,1,27.32999991
Linda,1,27.20999981
Elaine,1,27.15999967
Dublin Castle Suites,5,27.13999981
Mairead,1,27.07999983
Michael,3,27.01999998
James,2,26.90999967
Ciara,1,26.72999963
Daniele,4,26.69999981
Alison,1,26.6699999
Paddy,5,26.53000069
Eoin,1,26.42999992
Catherine,3,26.40000007
Denise,2,26.22999981
Robert,1,25.94999966
Eileen,1,25.93999994
Dermot And Monica,8,25.92999998
Kieran,1,25.85000019
Leanne,7,25.65000021
Amy,2,25.56999969
Aidan,2,25.41000012
David,2,25.24000022
Francis,3,25.19999981
Keith,1,25.19000055
Paula,1,25.07000001
Aoibheann,11,24.89999986
Martina,1,24.82000013
Anne,2,24.81000048
Brendan,1,24.79999991
Jim,2,24.79999956
Lihong,5,24.69000006
Peter,2,24.54000002
Emma,1,24.49000031
Aine,1,24.40000013
Lorraine,1,24.34000041
Rebecca,1,24.27000019
Rachel,1,24.1900004
Veasna,9,24.17999983
Michael,2,24.08000046
Ronan,4,24.00000024
Declan,1,23.86000013
Paul,5,23.66999996
Martin,1,23.54999995
Hiphipstay,5,23.47999978
Seamus,1,23.24000025
Woodquay,3,23.23000002
Micheál,18,23.19999979
Paul,2,23.19000036
Ciarán,1,23.10000002
R Gar And G,58,23.08999998
Liz,1,23.03999978
Simon,7,22.61999989
Ruth,2,22.5400002
Rory,1,22.44999978
Denise,1,22.12999994
Irene,1,22.07999974
Tom,1,22.06999967
David,5,21.99999952
Cormac,1,21.95999992
Darren,4,21.89999962
Pawan,5,21.82999992
Pauline,1,21.81999961
Bernadette,1,21.78000012
Teresa,2,21.56000042
Vinicius,1,21.23000008
Ian,1,21.04999988
Eoghan,1,20.90000004
Gav And Trisha,37,20.90000001
Pat,2,20.86999977
Mary,9,20.71000028
Katie,1,20.58000012
Loraine,5,20.57000017
Colette,1,20.55000009
Nollaig,2,20.54000056
Willie,3,20.52000046
Ronan,1,20.39000006
Carolina,4,20.37000036
Kieran,3,20.35999966
Michelle,3,20.33999977
Jenny,1,20.26999968
Aidan,13,20.22000003
Sandra,2,20.17999982
Marvin,4,20.15999985
Max,1,20.14999996
Niamh,1,20.0099998
Phil,4,19.94000006
Geraldine,8,19.90999985
Meg,7,19.85999954
Megan,1,19.55000019
Gerard,1,19.39999992
Micheal,16,19.3300001
Una,1,19.06999984
Luis & Gavin,24,19.01999986
John,4,18.96000005
Crystal,2,18.86000013
Laura,5,18.77000022
Ailish,5,18.76000011
Patricia,2,18.71999981
Jamie,4,18.62000036
Caroline,1,18.56999984
Here,6,18.53999931
Laura And Diego,5,18.49000001
Agnieszka,5,18.46000028
Joanne,1,18.35999996
Andy,1,18.28999978
Catherine,2,18.26000014
Connie,1,18.22999996
Stefan&James,5,18.19999981
Tommy,1,18.10000026
Dejan,3,18.09000015
Dermot,1,18.08999997
Snoozles,14,18.08999991
Susan,1,17.89000012
Tara,1,17.81
Max,7,17.7900002
Geoffrey,2,17.73000026
Bridget,1,17.71000007
Alison,2,17.64000034
Lorraine,3,17.62999964
Chris And Colette,5,17.51999998
Sophie,1,17.37000012
K & A :),3,17.36999989
Darren,1,17.32999995
Connie,5,17.24999952
Christina,1,17.15000009
Chidambaram,2,17
David,54,16.87000012
Sean,4,16.86000004
Renata,6,16.81999993
Bernard,1,16.7700001
Eva,3,16.72000027
Nicola,1,16.60999984
Jennifer,1,16.22999971
Cathal,1,16.20999956
Gemma,1,16.20000011
Jackie,2,16.16999966
Trish,1,16.13999987
Karin,4,16.0999999
Grainne,1,16.05000015
Baagii,2,16
Natasha,1,15.97999954
Jack,1,15.86999984
Woodhaven,7,15.8099999
Christopher Dylan,6,15.80000007
Sinem,2,15.76000023
Ruth,1,15.75999987
Nadyeja,4,15.72000027
Rose,4,15.66000032
Fionnuala,3,15.61000013
Marian,1,15.59000027
Patrick,4,15.52999973
Daniel,1,15.48999994
Rebecca,2,15.45999956
Brid,1,15.45000008
Debora & Bruno,2,15.43999958
Daragh,3,15.42000008
Shane,1,15.42000002
Temple Bar Inn,6,15.41999996
Adeline,2,15.4199996
Toni,2,15.35999966
Anne-Marie,1,15.17000008
Diane,2,15.15000021
Ottilia,2,15.14999962
Bernie,3,15.12000036
Anthony,1,15.07999995
Dónal,1,15.0500001
Michael And Eoin,3,15.01999998
Colin,1,15.00999987
Lauren,1,14.99000013
Derek,1,14.95999992
Clodagh,1,14.91000026
Aaron,5,14.72000027
Dee,1,14.70999994
Gillian,1,14.67000012
Stephanie G,2,14.61999989
Elaine,7,14.61000013
Veronica,1,14.60000008
The Lane,4,14.5999999
John,12,14.54000007
Gerry,1,14.53000009
Theresa,1,14.52000022
Tracy,1,14.50999999
Eva,1,14.50000036
Julie,1,14.44999978
Rogerio,3,14.40999985
Martina,2,14.35000011
Ciara,2,14.31000018
Miriam,1,14.18999986
Carol,1,14.17000007
Jean,1,14.13000023
Noel,4,14.0999999
Andrew,2,14.03999996
Kevin,6,14.02999973
Brendan,2,14.00000018
Lauren,5,14
Ocean Property Management,26,13.99000005
Jonothan,18,13.97
Elena,12,13.93999994
Dermot,2,13.93000031
Frances,1,13.90000021
Jonathan,1,13.88999996
Jerry,2,13.88999987
Ann,2,13.86000019
Siobhan,2,13.81000019
Clare,1,13.78000033
Eileen Mary,2,13.76000023
Mary,4,13.75000009
Francis,4,13.6900003
Hilary,1,13.69000006
Tomas,2,13.67000037
Betty,1,13.67000008
Gerry,4,13.65999985
Lucy,1,13.63999981
Charles,1,13.62999988
Des,1,13.59000015
Jennie,3,13.56000042
Diana,1,13.54999977
William,1,13.51000023
Suzanne,3,13.46000028
Junie,2,13.39999962
Mags,3,13.30999994
Josephine,2,13.30000019
Carmel,2,13.29999998
Eamonn,1,13.27999988
Colm,3,13.24000025
Eibhlin,2,13.18999997
Marta,1,13.1600003
Deborah,1,13.03999972
Susan,2,13.01999989
Frances,3,12.99000026
Francis,1,12.81000006
Sheila,1,12.7999997
Michal Marek,1,12.76000023
Glen,3,12.75999975
Karina,1,12.75000012
GuestReady,1,12.73000014
James & Co,10,12.71000004
Hilary,4,12.58000028
Daniela,1,12.55000019
Anya,3,12.53999996
Gary,1,12.51000011
Paul,8,12.48999989
James,11,12.45000005
Bernie,1,12.42000028
Orla,2,12.34000015
Colm,1,12.30000013
Aileen,1,12.29999995
Elizabeth,1,12.27999997
Peter,3,12.26000016
Daniel,10,12.26000005
Willie,1,12.2499997
Qurat Ul Ain,4,12.18000031
Andrea,1,12.1500001
Patrick,2,12.14999995
Kathleen,2,12.11000001
Shane,2,12.09999985
Karen,2,12.04999989
Yvonne,1,12.03999984
Frederic,6,12
Sharon,2,11.98000008
Tony,1,11.93999964
Cian,1,11.92999983
Pete And Anna,3,11.86000013
Rita,1,11.80999994
Deirdre And Niall,7,11.80999976
Mark,16,11.80000022
Sinead,2,11.79999979
Caroline,2,11.79999974
Jacqui,3,11.77999973
John,5,11.73999989
Christian,4,11.66000009
Stephane,2,11.6500001
Nomin,1,11.60999966
Ann,4,11.57999992
Sylvia,1,11.54000017
William,2,11.5
Gerry,61,11.49000003
Robert,3,11.46999997
Brohoon & Associates,5,11.43999958
James,3,11.43000004
Željko,2,11.39999962
Gerard,4,11.36000001
Debbie,1,11.35999994
Ollie,2,11.3499999
Sam,1,11.33999991
June,1,11.32000029
Jack,2,11.32000023
Heather,1,11.31999981
Noreen,1,11.27999979
Christopher,3,11.25
Nicole,1,11.24999974
Brian,4,11.21999979
Janet,1,11.21000004
Zahra,3,11.20999956
Reese Robert,1,11.19999981
Kristiane,1,11.19999981
Benjamin,1,11.13000011
Dara,1,11.1099999
Samantha,1,11.08999979
Roseanne,4,11.08000031
Joanne,4,11.02999992
Maura,1,11.02999984
Charlie,1,11.02000004
Edward,8,10.99000007
Peter,9,10.99000001
Drury,8,10.93000009
Hannah,1,10.92999995
Beniamin,1,10.90999985
Paul And Áine,1,10.89000034
Cormac,2,10.88999987
Alan,2,10.83000028
Barbara,1,10.80999999
Seda,2,10.7900002
Angel,2,10.78999996
Orla,1,10.78
Charlie,2,10.74999976
Sanchia,1,10.71000004
Kenneth,2,10.71000004
Helen,2,10.70999998
Nora,1,10.70000008
Trident Holiday Homes,156,10.6600001
Eugene,1,10.66000009
Cat,1,10.60000014
Denis,1,10.59000003
Meagan,2,10.58999968
Claudia Nicole,4,10.58000016
Josie,1,10.57000017
Adrienne,1,10.51999998
Edward,1,10.50000012
Jaqueline,4,10.49999976
Roger,1,10.49999976
Michael Patrick,1,10.46000004
Audrey,1,10.45999995
Darren,2,10.3499999
Paddy,2,10.3499999
Carlos Adelino,2,10.32999992
Hugh,1,10.2900002
Luke,1,10.28999972
Dwaine,1,10.26000023
Apache Hostel Temple Bar,2,10.25999975
John Paul,2,10.25
Lorna,1,10.23999983
Marlin Hotel Stephens Green,1,10.22999954
Michael,4,10.21000028
Noel,1,10.19999981
Leo,1,10.18000004
Catalina,2,10.17000008
Petra,1,10.13999957
Ronnie,2,10.13000011
The Dawson,7,10.13000003
Andrew,4,10.08000004
Nicholas,2,10.07999992
Ruaidhri,2,10.07000017
Enzo,2,10.05999994
Karina,4,10.0399996
Matthew,6,10.03000009
Mark & Sean,3,10.01999998
Amaya,4,10.01000023
Traighenna Bay,2,10.01000023
Chika,2,10
Manoj,6,10
Tristan,1,9.979999542
Liam And Fiona,8,9.969999909
Mathew,3,9.960000105
Francois,4,9.939999789
Paul & Joan,2,9.910000086
Julie,3,9.910000086
Rocio,4,9.890000105
Patrick & Jessica,3,9.870000124
Chris,1,9.840000033
Sally,1,9.839999914
Dolores,1,9.820000008
Bryan,1,9.800000191
Irena,1,9.800000191
Emma,5,9.799999952
Annmarie,1,9.75
Hendrick Smithfield,3,9.740000248
Eugene,8,9.73999998
Siddik,2,9.71999979
Shaun,1,9.700000167
Helen,3,9.700000048
Lindsay,1,9.699999809
Patrick,3,9.669999957
Michelle,4,9.649999976
Leeona,3,9.649999857
Nikki & Niall,7,9.639999986
Daragh,1,9.610000134
Bernadette Mary,1,9.569999695
Glenn,1,9.56000042
Damien,6,9.5
Marcella,4,9.450000286
Judith,1,9.450000167
Tom,2,9.450000048
Owen,1,9.419999987
Pamela,1,9.400000036
Zac,2,9.399999619
Eve,1,9.389999866
Caoimhe,1,9.360000014
Diego,2,9.329999924
Annette,1,9.300000012
Kate,1,9.299999937
Sophia,4,9.190000296
Julia,7,9.160000145
Cheng,4,9.159999967
Rose,1,9.060000002
Sharon,4,9.000000119
Poonam,1,9
Anita,1,8.980000049
Chao,4,8.980000019
Anne,4,8.96999979
Alessia,2,8.9599998
Jackie,1,8.950000003
Michelle,10,8.940000057
Treacy,2,8.930000067
Orla,3,8.919999599
Ed,5,8.909999728
Barnaby,1,8.890000343
Carmel,3,8.8800001
Altantuul,2,8.879999876
Danielle,1,8.869999915
Jacqueline,1,8.860000193
Ernie,2,8.840000153
Sonder (Dublin),8,8.830000147
Phyllis And Martin,1,8.819999695
Sheila,3,8.800000191
Johnny,1,8.780000091
Vanessa,1,8.750000179
Leah,1,8.740000129
Kevin,13,8.74000001
Dolores,4,8.729999773
Hua Francesco,1,8.729999542
Tyomich,5,8.670000076
Kelly,1,8.669999957
Meenaleck Glamping,6,8.629999936
Ryan,1,8.629999876
K2,7,8.610000253
Ciaran & Anna,4,8.610000253
Leo,2,8.560000181
Melanie,1,8.510000229
Colin,8,8.51000011
Emer,1,8.509999976
Niall,5,8.490000129
Maura,2,8.489999756
Garrett,2,8.449999809
Mairead,2,8.439999938
Eddie,1,8.409999788
Matt,1,8.380000234
Galway,4,8.380000055
Andrew,3,8.369999886
Dympna,3,8.369999886
Jade,2,8.360000134
Sonia,1,8.350000307
Mustafa,2,8.329999924
Thomas And Rita,3,8.310000062
Daniel,7,8.309999973
Robert,2,8.309999943
Lisa & Wayne,2,8.309999943
Roberto,1,8.279999733
Conor,3,8.25999999
Elena,1,8.250000179
Daragh,2,8.250000119
David Eduardo,3,8.240000248
Steven,2,8.23999989
Amy,1,8.209999934
Cathy,2,8.209999889
Padraig Francis,7,8.199999839
Sue,1,8.149999976
Ramy,2,8.140000105
Doug,5,8.129999936
Marie,2,8.119999945
Benjamin,2,8.110000134
Zoë,2,8.109999895
Augusto,2,8.059999943
Micheal,3,8.039999962
Katherine,1,8.019999981
Marie Louise,1,8.010000229
Bald,1,8.010000229
László,1,8
Deborah Suzane,5,8
Declan,3,8
Mark,5,8
David,9,7.969999909
Jason,3,7.96999979
Florentina,9,7.910000026
Kleyton,2,7.900000095
Dishant,3,7.889999866
Eileen,3,7.879999876
Jason,2,7.870000124
Marie,6,7.850000083
Melzi,2,7.830000162
Des,5,7.810000181
Jeanne,1,7.809999883
Stephen,2,7.790000094
Eithne,1,7.790000021
James And Grace,1,7.789999962
Aoife,3,7.75999999
Brenda,1,7.759999931
Brid,3,7.730000019
Martha,1,7.710000038
Patrick,5,7.699999809
Ionela,1,7.690000057
John,7,7.680000007
Michael,10,7.67999988
Neil,1,7.639999866
Carol,3,7.630000114
Martina Lorraine,1,7.619999886
Noel,2,7.610000134
Penny,1,7.610000134
Dan,1,7.600000083
Aline,2,7.590000153
Ursula,2,7.590000033
Shauna,1,7.589999922
Dorothy,1,7.589999855
Judith,3,7.569999933
Maurine,1,7.559999943
Charlotte,2,7.549999952
Marianne,1,7.549999952
Una,3,7.539999962
Ann Marie,4,7.539999962
Joan,2,7.53000021
Marjorie,1,7.519999981
Karl,4,7.519999981
Karyn,1,7.510000229
Rodrigo,2,7.5
Yilan,1,7.5
Attila And Andrea,1,7.5
Angélica,1,7.49000001
Eimear,1,7.449999928
Marie And Jim,3,7.410000086
Donna,1,7.400000155
Fionn,1,7.400000095
Nathan,1,7.389999866
Wendy,1,7.389999866
Diane,1,7.380000114
Edel,2,7.379999876
Anna,16,7.369999975
Naomi,14,7.359999985
Anderson,1,7.329999924
Ginny,1,7.320000172
Antoinette,1,7.310000062
Leevin,1,7.300000191
Marie,5,7.300000131
Selena,2,7.2900002
Mairtín,2,7.289999962
Ross,1,7.280000061
Cj,1,7.269999981
J J,2,7.25999999
Marian,2,7.249999881
Clive,1,7.24000001
Ronnie,3,7.23999989
Fernando,1,7.239999771
Filippo,1,7.220000029
Adedamola Michael,1,7.210000038
Ben,1,7.209999979
Stephanie,2,7.189999908
Cleary,3,7.180000067
Edel,1,7.160000056
Daniele,1,7.159999847
Julia,1,7.150000274
Christine,1,7.1500002
Stefano,3,7.150000095
Betty,2,7.150000095
Anna,2,7.139999956
Oona,1,7.130000114
Lynda,1,7.120000243
Elaine,14,7.100000024
Carla,1,7.090000153
Sheila,8,7.079999983
Selina,1,7.079999924
Ian,68,7.070000015
Dublin Citi Hotel,3,7.05000025
Allaye,3,7.050000191
Lanelodge,3,7.039999962
Johnny David,1,7.039999962
Sarah,2,7.03999982
Philip,5,7.020000041
Jefferson Carvalho,1,7.019999981
Celine,1,7.009999797
Rodrigo,1,6.99000001
Valerie,1,6.98999989
B,2,6.950000048
Marion,1,6.909999907
Crona,1,6.909999847
Everton,1,6.909999847
Des,2,6.909999847
Lenka,2,6.900000095
Lorraine,2,6.900000006
Ger,2,6.889999866
Sonja,4,6.840000004
Veronika,1,6.820000172
Brian,3,6.780000314
Omar,3,6.779999971
David,3,6.77000013
Jamie,1,6.770000041
Jim,3,6.760000229
Clark,5,6.760000169
Serena,1,6.75999999
Tom And Mary,2,6.75
Nick,2,6.74000001
Anita,2,6.730000019
Sumer,1,6.730000019
Barry,2,6.720000088
Eileen,2,6.679999948
Kate,2,6.669999838
Janice,2,6.650000095
Umar,1,6.639999866
Kathryn,1,6.61999999
Eleanor,1,6.619999886
Sorcha,1,6.609999955
Paul,3,6.580000043
Clare,5,6.579999804
Olivia,4,6.569999993
Adrian,1,6.560000002
Renata,3,6.559999943
Catriona,1,6.550000072
Benedict,2,6.549999952
Aille River Tourist Hostel,10,6.549999923
Terence,1,6.519999981
Myles,1,6.519999981
Rob,1,6.519999921
Diarmuid,1,6.50999999
Chris,2,6.5
Geraldine,2,6.499999985
Patrick James,1,6.480000019
Ann,5,6.470000029
Ken,1,6.460000038
Chloe,2,6.4599998
Jill,2,6.440000057
Craig,1,6.439999819
Gabriel,1,6.430000186
Irene,3,6.420000076
Trudi,2,6.419999838
Gavin & Carol,1,6.409999847
Milestone,1,6.409999847
Maureen,1,6.370000094
Glynn,2,6.360000134
Dale,1,6.359999895
Elliot,2,6.330000162
Caroline,8,6.320000082
Alex,3,6.319999933
Mark,2,6.309999943
Kinlay Hostel,11,6.309999943
Trevor,1,6.309999883
Zara-Dawn,1,6.300000191
Michele,1,6.269999862
Robin,1,6.269999743
Tracey,1,6.25999999
Tim,3,6.250000048
Luna Narda,2,6.21999979
Marjo,3,6.200000167
Aine Marie,5,6.189999878
Marie,9,6.180000022
Alex,1,6.180000007
Asile,3,6.179999828
Damien And Sara,2,6.160000086
Joy Esi,1,6.150000095
Paola,1,6.149999976
Gareth,2,6.149999857
Laiza,1,6.119999886
Majella,1,6.119999886
Eóin,2,6.110000134
Nicola,2,6.100000143
Jocelyn,1,6.090000153
Claudia And Dany,2,6.079999924
Manu,2,6.070000172
Jason,1,6.069999963
Maria,3,6.069999933
Jemima,1,6.050000191
Gerry,25,6.049999883
Lydia,1,6.0400002
Enda,2,6.040000081
Robyn,1,6.039999962
Galway Bay Sea View,7,6.039999902
Eileen,4,6.00999999
Bernadine Frances,1,6
Madson Muller,1,6
Valeriu,3,6
Tricia,2,5.989999771
Mary,5,5.960000098
Hannah,2,5.950000048
Annamarie,1,5.949999809
Lifang,1,5.940000057
Eyad,1,5.940000057
Juni,4,5.939999938
Fatih,2,5.930000067
José Felipe,1,5.929999828
Alexnder,1,5.920000076
Terry,1,5.919999957
Tina,5,5.910000086
Shiam,1,5.909999847
Colette,3,5.900000095
Mallika,1,5.900000095
Dee,2,5.890000105
Christella,1,5.880000114
Don,1,5.840000153
Adam Ross,1,5.829999924
Gem,3,5.820000172
Evelyn,1,5.820000052
Mareesa And Evan,2,5.819999807
Amanda,1,5.810000114
Blanaid,1,5.809999943
Min,1,5.789999962
Peadar,3,5.789999917
Valerie,3,5.779999971
Carmela,1,5.760000229
Sheena,1,5.759999871
Tea,3,5.73999995
Józef,1,5.739999771
Irene,5,5.710000038
Alexia,1,5.710000038
Melissa,2,5.709999919
Mildred,26,5.700000018
Teresa,4,5.670000196
GalwaySuites,1,5.659999847
Krzysztof,3,5.649999857
Inishowen House,3,5.640000105
Tadeu,2,5.639999866
Riaan,2,5.630000055
Micheal,1,5.629999936
Oisin,1,5.619999923
Roshan,2,5.610000134
Ruairi,1,5.610000014
Odera,1,5.590000153
Jacinta,2,5.590000153
Dèbora,1,5.579999924
Maryrose,1,5.579999924
Erica,1,5.570000172
Catia Marisa,1,5.570000172
Eugene,2,5.559999943
Vagner,1,5.550000191
Marcela,1,5.539999962
Dave,1,5.53000021
Wojciech & Robert,1,5.510000229
Seosamh,2,5.50999999
Doolin Court,5,5.48999992
Huseyin,1,5.480000019
Andres,1,5.480000019
Rita Marie,4,5.4799999
Grainne,2,5.470000066
Roddy,1,5.46999979
Jose&Vadym,3,5.450000226
Roma,1,5.449999809
Shuk Yuen,1,5.440000057
Raymond,2,5.429999948
Ankit,2,5.420000076
Dermot,5,5.420000017
Ita,1,5.419999987
Sandra,6,5.409999847
Bernadette,2,5.389999926
Ursula & Ruaidhri (Rory),1,5.360000134
Lucy And Paddy,2,5.350000143
Dylan,1,5.320000097
卓霖,4,5.309999943
Sarah,5,5.300000131
Geraldine,4,5.300000131
Maire,1,5.299999982
Ann Maria,1,5.289999962
Celia,1,5.28000021
Sukh,2,5.28000021
Waterloo,9,5.28000021
Geraldine,6,5.269999921
Emer & Paul,1,5.260000229
Albert,1,5.260000229
Kathryn,3,5.26000005
A,1,5.239999771
Bob,1,5.239999771
Alan & Linda,1,5.230000019
Ursula,1,5.2299999
Andy,5,5.210000038
Maria,2,5.200000133
Fiona,2,5.199999984
Damir,2,5.190000117
Tom,3,5.179999873
Yash,1,5.179999828
Grazielle,1,5.179999828
Lou,2,5.179999828
Anthony,6,5.169999987
Niamh & Family,1,5.159999847
Martina,3,5.150000095
Anne Julia Adrienne,1,5.139999866
Denise & Paul,1,5.130000114
Leevin,11,5.120000064
Laurence,1,5.090000033
Gareth,1,5.090000033
Patricia,11,5.090000004
Siubhan,12,5.089999959
Annie,1,5.080000117
Matthew,5,5.060000181
Generator,7,5.059999973
Oscar,1,5.059999943
Zaya And Bama,2,5.050000072
Sussan,1,5.039999962
Rekha,1,5.039999962
V,2,5.029999971
Tina,1,5.029999912
Kieran,11,5.019999981
Jane Bernadette,1,5
Monika,1,5
Zanna,1,5
Wes,1,5
Usher,6,5
Tabitha,1,5
Dario,1,5
Mohammed Kholil,1,5
Rosaleen And Paul,1,4.980000019
Pam,3,4.9799999
Alice,1,4.969999902
Josephine,1,4.960000068
Annemarie,2,4.960000038
Olive,5,4.959999919
Simone & Richard,3,4.959999859
Aidan,1,4.950000048
Rosemary,1,4.949999869
Domhnall,3,4.940000057
Renato,1,4.920000076
Sonya Marie,1,4.920000076
Jo,1,4.909999847
Maolíosa,1,4.909999847
Emelyn,1,4.889999866
Alexander,2,4.889999866
Emilie,1,4.880000114
Leandro Stefano,1,4.860000134
Cillian,1,4.850000024
Mike,4,4.849999964
Karl,1,4.849999934
Nadia,3,4.840000153
Naoise,1,4.840000063
Henrietta Suites,8,4.830000073
Mike,1,4.830000013
Phil,3,4.829999924
Alejandro,1,4.829999924
Hope,1,4.820000172
Libby,1,4.819999933
Joan & Leo,2,4.819999829
Gaspar,1,4.809999943
Kelly & Robb,3,4.800000072
Marie,4,4.799999975
Birgit,1,4.789999962
Rachael,1,4.78000021
Jamie,3,4.769999921
Saajan,1,4.760000229
Emma,3,4.75999999
Saylor,1,4.739999771
Phillip,1,4.739999771
Finola,1,4.719999909
Rita-Frank,1,4.71999979
Gail,1,4.71999979
Yassine,1,4.710000038
Michelle & Daryl,1,4.710000038
Cora,1,4.710000038
Breege,1,4.700000167
Mal,1,4.650000095
Rachel & Justin,3,4.650000095
Ben,4,4.639999986
Bobby,1,4.629999995
Olivia,1,4.629999951
Majka Teresa,1,4.619999886
Hanne,3,4.619999886
Vitor,1,4.609999895
Jenny + Matt,5,4.600000024
Karen,3,4.599999964
Eilish,1,4.599999964
Tara,4,4.579999983
Dardo,1,4.579999924
Steve,1,4.570000172
Rosetta,6,4.560000092
Marian,5,4.560000032
Bríd,2,4.559999943
Sharlene,1,4.550000191
Marcia,1,4.550000191
Olga,1,4.549999952
Siobhan,3,4.540000021
Yu,2,4.539999962
Bruno,4,4.539999932
Dan & Rosie,1,4.53000021
Mona,1,4.53000021
Cait,1,4.53000021
Eugene,3,4.50999999
Mary Jo,1,4.500000119
Marcelina,1,4.5
Marnie,2,4.49000001
Tamara,1,4.480000019
Jake,2,4.480000019
Raymond James,1,4.46999979
Sergio,1,4.46999979
Becky,1,4.460000038
Eamon,1,4.460000038
Elisabete,1,4.440000057
Emese,1,4.440000057
Philomena,1,4.440000027
Katie,2,4.439999998
Chloe,6,4.430000126
Gizem,1,4.429999948
Aileen & Neil,1,4.429999828
Maria,4,4.420000002
Everina,2,4.410000086
Fidelma,1,4.409999937
Luis,1,4.379999876
Martin,4,4.350000024
Clo,1,4.349999905
Bróna,1,4.349999905
Nessa,1,4.349999905
Derek,2,4.340000093
Natalie,1,4.340000033
Sykes Holiday Cottages,273,4.340000033
Claire,2,4.340000004
Laoise,1,4.339999914
Daire,3,4.330000043
Máire,2,4.329999924
Fiontán,1,4.329999924
Deborah And John,1,4.329999924
Justin,4,4.320000052
Neasa,2,4.320000052
Megan Sally,1,4.309999943
Lucy Blu,2,4.309999943
Freya,1,4.300000191
Cristiana,1,4.2900002
Ariana,2,4.289999962
Bamidele,1,4.289999962
Maeve,2,4.289999962
Movania,1,4.28000021
Yvonne,4,4.280000031
Carole,1,4.279999912
Adeline,1,4.269999981
Georgina,3,4.260000229
Ashling,2,4.25999999
Sharan,1,4.25
Francis,2,4.25
Gertie,1,4.24000001
Sheila,2,4.24000001
Jagdeep,1,4.239999771
Samantha,4,4.2299999
Leona,4,4.21999988
Francois,1,4.21999979
Cassandra,1,4.209999919
Thiago,1,4.200000048
Betty,3,4.199999928
Emiliano,1,4.199999809
Utkarash,1,4.199999809
Mic,1,4.199999809
Tim And Annette,1,4.190000057
Elisa,1,4.190000057
Liam,2,4.189999998
Mert,3,4.189999938
Peter,4,4.180000097
Tiarnan,1,4.179999828
Damien And Michelle,1,4.150000095
Sanjay,1,4.150000095
Harry,1,4.150000095
Dayane,1,4.150000095
Martin,6,4.150000002
Laura,3,4.149999976
Gearoid,1,4.139999866
Gar,1,4.139999866
Grellan,2,4.110000014
Frank,1,4.100000091
Fionnuala,1,4.100000024
Maeve & Ken,3,4.099999905
Boyd,1,4.090000153
Niamh,5,4.090000033
Cathy,1,4.089999869
學萍,1,4.070000172
Stephanie,1,4.070000052
Nuala,1,4.070000052
Antek,1,4.039999962
Lex,6,4.030000061
A J,1,4.019999981
Timothy,1,4.010000229
Suzanne,1,4.010000065
Diangel,1,4
Malcolm,1,4
Moacir,1,4
Bronwyn,1,4
Nadja,2,4
Akhi And Khalid,7,4
Simay,1,4
Jan,1,4
Sheelagh,1,4
Juxhin,1,4
Jamie Patrick,1,4
Joe,7,4
Munkhbayasgalan,1,4
Mahnaz,1,3.99000001
Gari,1,3.980000019
Jose Eduardo,3,3.980000019
Cathal,10,3.980000019
Eamon,2,3.979999967
Clare And Family,1,3.970000029
Sabrina,1,3.970000029
Maeve,1,3.969999984
John James,1,3.960000038
Lingling,1,3.940000057
Laura,2,3.940000027
Kieran,2,3.930000067
Vic,2,3.929999948
Dympna,1,3.920000076
Marie,3,3.919999927
Ruben,1,3.910000086
Graham,1,3.909999907
James,8,3.900000095
Jack & Sarah,1,3.900000095
Giulia,1,3.900000095
Ann,3,3.890000015
Keara,1,3.880000114
Johanni,1,3.880000114
Dirim,1,3.880000114
Shane,23,3.880000025
Chicko,2,3.879999995
Danny Martin,2,3.860000014
Daisy,1,3.850000024
Delma,2,3.850000024
Rene,1,3.849999905
Noirin,1,3.839999914
Cally,1,3.829999924
Kate,3,3.829999894
Mehmet,1,3.819999993
Simon,4,3.819999948
Tara,2,3.819999933
Ibra,1,3.819999933
Nathan,2,3.799999952
Isobel,1,3.789999962
Perrine,1,3.789999962
Moya & Gavin,1,3.779999971
David Joseph,2,3.769999981
Padraic,1,3.769999981
Aiden,1,3.769999981
Sasha,3,3.769999862
Damien,1,3.76000011
Lina,5,3.75999999
Lidia,1,3.75999999
Gregory,1,3.75
Maria And John Joe,1,3.75
Frieda,1,3.75
Sarah-Anne,2,3.75
Vera,1,3.73999998
Dara,2,3.730000019
Philip,2,3.720000029
Keerati,1,3.720000029
Damian,1,3.720000017
Samanthi,1,3.700000048
Belinda,6,3.689999998
Kassie,1,3.680000067
Della,1,3.680000067
Caique,1,3.680000067
Wayne,1,3.680000007
Ahmet,1,3.670000076
Anne Marie,2,3.670000076
Alida,1,3.670000076
Ronan,2,3.669999905
Bridie,1,3.660000026
Susanne,1,3.650000095
Jessica,1,3.650000066
Ivan,1,3.649999969
Md Manik,1,3.640000105
Cornerstone,1,3.640000105
Gavin,1,3.640000045
Manuel,2,3.629999995
Sharon,6,3.620000005
Juan,12,3.61999996
Jiang,3,3.610000134
Molly,1,3.609999895
Orlaith,1,3.609999895
Cobbsholidayrental,1,3.599999905
Cillian,2,3.579999924
Paulene,1,3.579999924
Inga,1,3.569999933
Faith,1,3.569999933
Lorrainne,2,3.569999933
John Patrick,1,3.569999933
Sadie,1,3.560000062
Moya,4,3.560000002
Pamela,2,3.559999943
Linda,3,3.559999943
Pasquelle,1,3.559999943
Daniel,15,3.550000072
Ali,1,3.539999902
Gabriele,1,3.529999971
Aoibheann,1,3.529999971
Nicola,3,3.5200001
Marion,2,3.520000085
Dolly,1,3.519999981
Relax Ireland Holidays,20,3.519999972
Mitch,1,3.50999999
Bea,1,3.5
Claudio,4,3.49999997
Donal,5,3.489999935
Gustavo,2,3.480000019
Donal & Carmel,1,3.480000019
Carol,7,3.479999989
Ailbhe,2,3.470000088
Tim,2,3.470000029
Aileen,2,3.469999909
Nuala,5,3.460000038
Lesley,1,3.459999919
Ermon,3,3.440000057
Barry & Roisin,1,3.440000057
Fergal,1,3.430000067
Ellie,1,3.430000067
Bert,2,3.429999948
Guilherme,2,3.429999918
Dave & Susana,1,3.420000076
Chris & Colette,1,3.420000076
Mo,1,3.419999987
Margaret,4,3.409999967
Donal,2,3.409999847
Richard & Margaret,1,3.400000095
Diego,1,3.400000095
Musa,1,3.390000105
Elizabeth,2,3.379999995
Travelnest,24,3.370000005
Bizzle,1,3.369999886
Trevor And Sue,1,3.359999895
Hilal,1,3.349999905
Tracey,2,3.340000093
Donncha,2,3.340000033
Paddy Brendan,6,3.330000043
Sorrel,4,3.330000013
Sabina,1,3.329999924
Phil,2,3.320000052
Mark,3,3.320000052
Paddy,1,3.310000062
Stefania,1,3.309999943
Emma,4,3.299999982
Cliffs Of Moher,4,3.299999923
Anna-Marie,1,3.289999962
Nell,2,3.289999962
Bronagh,1,3.280000031
Will,1,3.280000001
Mary Denise,2,3.279999971
Scarlet,6,3.279999971
Siobhain,1,3.269999981
Gunther,1,3.269999981
Shelagh,1,3.25999999
Mairead,4,3.259999931
Erin,1,3.259999871
Graham,2,3.25
Osagbouwamen,1,3.24000001
Colm,5,3.220000058
Mairéad And John,1,3.220000029
Ashling,1,3.210000038
Araceli And Mir,1,3.209999919
Janet & John,1,3.200000048
Pauline,3,3.200000048
Ariane,1,3.200000048
Sean,2,3.20000004
Peggy,2,3.199999928
Felicity And Stephen,1,3.190000057
Abidin,1,3.190000057
Vivian,1,3.189999938
Holly,1,3.180000067
Cristian,4,3.180000037
Darran,1,3.170000076
Michail,2,3.169999957
Michelle Ettie,1,3.160000086
Ballincastle,6,3.160000026
Shahar,1,3.150000095
Roy,1,3.150000095
Giancarlo,1,3.149999954
Bettina,1,3.140000105
Kouky,1,3.140000105
Paraic,1,3.140000105
Fíona And Philip,3,3.129999995
Monica,1,3.129999876
Emily,1,3.120000005
Aodhán,1,3.119999886
Mandy,1,3.099999905
Agnes,3,3.099999905
Edyta,1,3.079999924
Eun Hae,1,3.079999924
Julia,3,3.069999993
Clara,1,3.069999933
Orlagh,1,3.059999943
Filja,3,3.059999943
Jojo,3,3.059999943
Julian,1,3.049999952
Douglas,1,3.039999962
Aida,1,3.039999962
Marina,1,3.039999902
Margaret,3,3.030000031
Mick,1,3.030000001
Maurice,1,3.029999971
Aneta,1,3.029999971
Jaydeep,1,3.019999981
Katherine,2,3.019999981
Delphine,3,3.00999999
Rosie,1,3.00999999
Alan & Rose,1,3.00999999
Monalisa,1,3
Zara,1,3
Mitra,1,3
Gustavo,3,3
William Callum,1,3
Anje,1,3
Ifeoluwa Olatunbosun,1,3
Kristofor,1,3
Sema,1,3
Somjai,1,3
Antonio,2,3
Norita,1,3
Monnina,1,3
Eduard,1,3
Temi,1,3
Karine,1,3
Madis,1,3
Ilias,1,3
Eskil,1,3
John And Karen,2,2.990000069
Mary Claire And Sean,1,2.99000001
Anna,4,2.99000001
Lina,2,2.99000001
Stacey,2,2.980000019
Maeve,4,2.979999959
Liviu,1,2.970000029
Roseanne,1,2.970000029
Trevor,2,2.970000029
Jane,1,2.960000038
Bernie,9,2.960000008
Viola,1,2.950000048
Kealey,1,2.950000048
Kay,1,2.950000037
Fat Cat,2,2.949999928
JBG Properties,2,2.940000117
Silvia,1,2.940000057
Isabella,1,2.940000057
Keith,2,2.940000057
Lea,2,2.940000057
Jim,1,2.939999998
Ute,1,2.930000067
Grace,1,2.930000067
Neville,1,2.910000086
Rosana And Patrick,2,2.909999967
Andrew & Niall,1,2.900000095
Dave,2,2.900000006
Gracious,3,2.889999986
Gerard,3,2.86999999
Celene,2,2.869999945
Gianni,2,2.860000014
James,4,2.859999895
Lloyd,1,2.849999905
Hilery,1,2.849999905
Anamika,1,2.849999905
Darragh,1,2.849999905
Moira,3,2.840000093
Adrienne,3,2.840000063
Vincent,1,2.840000033
Aaron,1,2.839999914
Geraldine,3,2.839999914
Emma Jane,1,2.839999914
Kevin,3,2.819999993
John And Breda,1,2.819999933
Sean,6,2.810000002
Kelly,2,2.809999943
Luciana,1,2.799999952
Nivedita,1,2.799999952
Gerald,1,2.779999971
Andrea&Tara,2,2.779999971
Andrei,1,2.779999971
Gianpaolo,1,2.779999971
Anthony And Sarah,1,2.779999971
Dariusz,2,2.779999971
Shauna,2,2.770000018
Theodore,1,2.769999981
Carlos,1,2.769999951
Lee,1,2.75999999
Jolene,1,2.75
Kerrie,1,2.75
Zita,2,2.74000001
Neal,1,2.74000001
Abdoul,1,2.74000001
Aoife,2,2.730000019
Mickey,1,2.730000019
Sara,1,2.729999959
Rosaleen,6,2.719999969
Lynn,3,2.719999939
Aine,2,2.710000098
Charlene,2,2.710000038
Katrin,1,2.710000038
June,3,2.709999986
Susan And Eddie,1,2.700000048
Derval,1,2.700000048
Janette,1,2.690000057
Carolyn,1,2.689999878
Janise,1,2.680000067
Patricia And John,1,2.680000067
Hitin,2,2.680000067
John Paul,1,2.680000067
Khayam,1,2.680000067
Hidden Gem Donegal,1,2.670000076
Tulio Iván,1,2.660000086
Xun,1,2.660000086
Gurmukh,1,2.660000086
Noeleen,3,2.659999959
Jacquie,1,2.650000095
Junaid,1,2.650000095
Malou,1,2.640000105
Xavier & Sorcha,1,2.640000105
Heshan,2,2.630000114
Vonny,1,2.630000114
Eleanor,2,2.629999995
Mick,2,2.629999995
Gerard,2,2.619999886
Steph,1,2.619999886
T.J.,1,2.609999895
Michael And Liz,1,2.599999905
Juliana,3,2.589999974
Nicholas,1,2.589999914
Gaurav,1,2.589999914
Caitriona,1,2.579999998
Virginia,1,2.579999924
Vincent & Anna,1,2.569999933
Francis James,1,2.569999933
Derrick,1,2.569999933
Rebecka,2,2.569999933
Cara,1,2.569999918
Dez,1,2.559999943
James &Lynn,1,2.559999943
Ipek,1,2.559999943
The Deerstone Luxury Eco Hideaway,2,2.559999943
Afeez,2,2.550000012
Mattie,1,2.549999952
Ellison,1,2.549999952
Dorin,1,2.549999952
Anne,3,2.539999977
Paulyne,1,2.539999962
Felipe,2,2.539999962
Malcolm And Paul,1,2.529999971
Robbie,3,2.529999971
Aziz,1,2.519999981
Abina,1,2.519999981
Sheelagh,2,2.519999981
Viny,1,2.519999981
Martin,2,2.510000046
Pembroke Townhouse,5,2.50000003
Gabrielle,3,2.5
Susi,1,2.5
Muzammel,1,2.5
Mohommad,3,2.49000001
Alexandra,1,2.49000001
Maud,1,2.49000001
Jr,6,2.489999995
Pat,3,2.480000079
Réiltín,1,2.480000019
Kerstin,3,2.47999993
Matthew,1,2.470000029
Nadia,1,2.470000029
Alan And Joanne,1,2.470000029
Lukasz,2,2.470000029
Ard Bia,2,2.460000113
Sorcha,2,2.459999979
Oguz,1,2.450000048
Dimitra,1,2.440000057
Gabriela,1,2.440000057
Viny,2,2.440000013
Fionan,1,2.430000067
Karl And Kate,1,2.420000076
Norah,1,2.420000017
Prachi,1,2.410000086
Joanna,1,2.410000086
Christopher,2,2.410000086
Noelle,1,2.409999996
Muriel,2,2.409999967
Paivi,1,2.400000095
Anca,1,2.400000036
Fehin,3,2.399999976
Mark,4,2.399999965
Moni,1,2.390000105
Einne,1,2.390000105
Blue Planet,6,2.390000105
Mina,1,2.380000114
Jayne,1,2.380000114
Leanne,1,2.380000114
Darko,1,2.380000114
Francesca,1,2.369999886
John And Maria,1,2.369999886
Brenda,5,2.359999985
Hildi,1,2.359999895
Marie & Brendan,1,2.359999895
Christy,1,2.359999895
Carmelo,1,2.359999895
Geisa,1,2.359999895
Rebekah,1,2.350000024
Corm,1,2.349999905
Gwendolyn,1,2.349999905
Liz,3,2.349999905
Madelines,4,2.329999983
Adnan,1,2.329999924
Michael & Louise,1,2.319999933
Teecee,1,2.309999943
Ubah,1,2.309999943
Markus,1,2.309999943
Clementine,1,2.309999943
Bill,1,2.300000042
Marc,1,2.299999952
Shona,1,2.299999952
Karina,2,2.299999952
Chev,1,2.289999962
Adrienne,2,2.289999962
Shaunna,2,2.289999962
Declan,2,2.279999971
Claire &Amp; Linda,1,2.279999971
Cesar Alejandro,1,2.269999981
Domenico,1,2.269999981
Annick,2,2.25999999
Enda,1,2.259999931
Cathy,3,2.25000006
Kaleo,1,2.25
Xue,3,2.25
"Jack, Mick And Marty",2,2.25
Joan,4,2.240000069
Dean,2,2.230000019
Frank & Martina,1,2.230000019
Geraldine,7,2.230000019
Denise,3,2.229999989
Jude Mairead,1,2.220000029
Charles,2,2.220000029
Aedin,1,2.210000038
Aine,3,2.210000038
Gloria,1,2.200000048
Donal & Greg,1,2.200000048
Aidan And Julia,1,2.190000057
Bobby,2,2.190000057
Christian,1,2.190000057
Yara,1,2.190000057
Gordon,1,2.189999938
Jasna,1,2.180000067
Adrie,1,2.180000067
Triona,1,2.180000067
Seamus,4,2.179999992
Robbie,1,2.170000076
Preneta,1,2.170000076
Yvonne,6,2.170000032
Mary & JJ,4,2.169999957
Catheriona,1,2.160000086
Edwina,1,2.160000086
Mignon,1,2.160000086
Eoghan,2,2.160000056
Fergus,1,2.160000026
Georgina,4,2.149999976
Breen,1,2.140000105
Vijay,1,2.140000105
Niamh,3,2.140000034
Danilo,1,2.140000015
Henry And Wife Elizabeth,1,2.130000114
Rei,1,2.130000114
Bebhinn,1,2.129999995
Oona,2,2.129999965
Diana,2,2.120000005
Rafaella,1,2.119999886
Cathal And Paul,4,2.119999886
Kyle,2,2.109999895
Luca,1,2.109999895
Vonnie,1,2.099999905
Laura & Val,1,2.099999905
Ultan,1,2.099999905
Zhi,1,2.099999905
Clare Ecolodge,3,2.089999981
Muirt,1,2.089999914
Sally-Ann,1,2.079999924
Dymphna,1,2.079999924
Vita,3,2.079999924
Thomas,3,2.079999924
Ivor,1,2.069999933
Shawn,1,2.069999933
Ronnie,1,2.069999933
Jillian,1,2.060000032
Homerez,6,2.060000002
Rosetta,8,2.059999958
Noel And Ita,2,2.059999943
V.,1,2.059999943
Angela,2,2.059999943
Lucian,1,2.059999943
Michelle And Mark,1,2.059999943
Aron,1,2.049999997
Ellen,1,2.049999952
Adele,1,2.049999952
Nic & Ian,3,2.049999952
Noreena,1,2.049999952
Mary,8,2.039999999
Christina,4,2.030000016
Priya,1,2.029999971
Sergii,1,2.029999971
Mike,2,2.029999971
James Columba,1,2.029999971
Pat,18,2.029999971
Jo,3,2.029999971
Sheena,2,2.029999971
Colman,2,2.019999981
Flo,1,2.019999981
Meltem,1,2.00999999
Dana,1,2.00999999
Aanya,1,2
Xabi,1,2
Peter Pascal,3,2
Teniola,1,2
Angelina,1,2
Mingxiu,1,2
Kenneth,1,2
Krzysztof,1,2
Dawn,1,2
Barry John,1,2
Lil,1,2
Isabelle,1,2
Nereyda,1,2
Richie,1,2
Sal,2,2
Ágata,1,2
Paddy And Eithne,1,2
Rachael Maria,1,2
Mariam,1,2
Kineta,1,2
Laura,11,2
Kate And Mark,2,2
Sabrine Victorelli,2,2
Theo,2,2
Marco,11,2
Renata,1,2
Philippa,1,2
Ellen,2,1.99999997
Joanne And Keith,2,1.99000001
James And Tom,1,1.980000019
Aaron & Carrie,1,1.980000019
Morgan,1,1.980000019
Ciaran,3,1.979999989
Angele,1,1.970000029
Hugo,1,1.970000029
Jerry,1,1.969999969
Leong Foong,1,1.960000038
Buket,1,1.960000038
Teac,1,1.960000038
Éimhín And Jonny,3,1.950000018
Khushbu,1,1.940000057
Kealey,2,1.939999998
Trish,2,1.929999948
Ewelina,1,1.929999948
Rosalyn,1,1.929999948
Gian,1,1.929999948
Rosanna,1,1.920000032
Oran,1,1.919999957
Gemma,2,1.909999967
Roisin & Donall,1,1.909999967
Margaret And Philip,1,1.909999967
Mj,1,1.909999967
Toia,1,1.909999967
Priyam,1,1.899999976
Lourdes,1,1.899999976
Hugh,5,1.899999976
Hazel,3,1.889999986
Avondale,1,1.889999986
Dolores,2,1.889999986
Mary & Gordon,1,1.889999986
Glendalough Glamping,1,1.879999995
Lisiane,2,1.879999995
Nando,1,1.879999995
Milana,1,1.879999995
The Herons Rest Boutique B&B,3,1.879999936
MagouhyHouse,2,1.870000005
Fionnuala And Peter,1,1.870000005
Pádraig Maitiú,1,1.870000005
Theo,1,1.870000005
Tomás,1,1.870000005
Patrick,16,1.859999962
Clive,2,1.850000024
Shad,1,1.850000024
Shay,1,1.850000024
Tobi,4,1.849999964
Kerry,1,1.840000033
Philip,1,1.840000033
Manal,1,1.840000033
Elodie,1,1.830000043
Clara,2,1.830000043
Suki,1,1.830000043
Richa,1,1.830000043
Béatrice,1,1.829999983
João Guilherme,2,1.829999983
Nadim,2,1.829999924
David A,1,1.820000052
Kamil,1,1.819999933
Gerry,6,1.810000062
Shirley,2,1.810000002
Grace,2,1.809999943
Burak,1,1.800000027
Derbhile,2,1.800000012
Domicio,1,1.799999952
Annette,2,1.799999952
John,10,1.790000003
Joshua Daniel,1,1.789999962
Michael James,1,1.789999962
Gwenn,1,1.789999962
Rosina,1,1.789999962
Anne Marie,1,1.789999962
Jazz,1,1.789999962
Rhonda,1,1.780000016
Jessica,2,1.779999971
Yves,1,1.779999971
Seamus And Fiona,1,1.779999971
Roslyn,1,1.769999981
Jennifer,2,1.769999959
Lynnie,2,1.76000005
Jonathan,3,1.76000005
Ballyknocken,3,1.76000002
Charlotte,1,1.75999999
Ross,3,1.75999999
Padraig At Kittys Townhouse,1,1.75
Rosa,1,1.75
Christine,2,1.75
Trisha,2,1.740000039
Malachy,1,1.730000019
Tanya,1,1.730000019
Herbert,1,1.730000019
Danièle And Noel,1,1.720000029
Jeff,1,1.720000029
Peadar,1,1.720000029
Heidi,1,1.710000038
Henry,1,1.710000038
Mariana,1,1.709999993
Gökhan,1,1.709999979
Mark Peter,1,1.700000048
Niall,3,1.700000033
Elizabeth,4,1.700000018
Tunahan,1,1.699999988
Javier,3,1.699999988
Antonio,1,1.699999988
Mary And Brian,1,1.690000057
Mohamed,1,1.690000027
Ken & Anya,2,1.689999998
Sláine,1,1.669999957
Charmaine,1,1.669999957
Carmen,1,1.669999957
Alex Isoe,1,1.669999957
Art,1,1.669999957
Belinda,1,1.669999957
Niall And Darra,4,1.660000011
Theresa,6,1.659999996
Henrique,1,1.659999967
Fred,2,1.659999967
Daren,1,1.649999976
Ramla,1,1.639999986
Patrick And Kathleen,1,1.639999986
Zita,1,1.639999986
Ugne,2,1.639999986
Righad,2,1.639999986
Katalin,1,1.639999986
Individual Host,1,1.629999995
Sonia,4,1.629999995
Millway Properties Limited,1,1.629999995
Alberto,1,1.629999995
Stiofain,1,1.620000005
Kiro And Thiago,1,1.620000005
Ioana,1,1.610000014
Gautam,1,1.610000014
Bridie And Paul,3,1.610000014
Amanda,2,1.610000014
Kathy,1,1.609999985
Colman,1,1.600000024
Gardiner,12,1.600000024
Tadgh,1,1.600000024
Gabrielle,1,1.590000033
Mayara,1,1.590000033
Shirley,1,1.590000033
Billy,3,1.590000004
Han,1,1.580000043
Meadhbh,1,1.580000043
Kellie,1,1.579999983
Lucinda,1,1.579999924
Daniel,2,1.570000052
Gladys,1,1.570000052
Socky,1,1.570000052
Roger,5,1.570000008
Laneside Haven,2,1.569999993
Tricia,3,1.569999963
Iso,2,1.560000002
Nicky,2,1.559999943
ProVirtuo,3,1.559999943
Sharon,3,1.550000042
Leanne,2,1.550000012
Aurora,1,1.550000012
Tadhg,1,1.549999952
Ronald,1,1.549999952
Timothy,4,1.540000007
Kathleen,5,1.539999992
Leonardo,1,1.539999962
Aisling,3,1.530000031
Darrin,1,1.529999971
Jolanta & Robert,1,1.529999971
Nakul,1,1.529999971
Michaela,1,1.529999971
Carl,1,1.529999971
Rasa,1,1.529999971
Louisa,1,1.529999971
Lbrad,1,1.519999981
Margo,2,1.519999981
Carie,3,1.519999981
Chris And Louise,1,1.519999981
Rajesh,10,1.510000011
Sonia,2,1.50999999
Brent,1,1.50999999
Susan,3,1.500000019
Coibhe,1,1.5
Cameron,1,1.5
Emma & Tom,1,1.5
Rita,3,1.5
Miles,1,1.49000001
Slaney House B&Amp;B,3,1.49000001
Luciano,2,1.49000001
Saoirse,1,1.480000019
Víctor Daniel,1,1.480000019
Henrike Louise,1,1.480000019
Kristen,1,1.480000019
Olly,1,1.480000019
Luxury Apartment At Henrietta,1,1.470000029
Joyce,3,1.470000029
Suzane,1,1.470000029
Jacqueline,3,1.469999999
Carrie,1,1.460000038
Cinthia,1,1.460000038
Gildas And Kanika,1,1.450000048
Ning,1,1.450000048
Helpinghand,1,1.450000048
Nicola,4,1.449999958
Sol,1,1.440000057
Brigitte Und Adrien,5,1.439999998
Daniela,2,1.439999968
Preeti,1,1.429999948
Kyle,1,1.429999948
Cathal & Elma,2,1.420000017
Juracy,1,1.419999957
Elise,1,1.419999957
Georgie,1,1.419999957
Arrow Huts,2,1.409999996
Jutta,1,1.409999967
Lauraine,1,1.399999976
Anthony Or Roisin,1,1.389999986
Roseena,1,1.389999986
Nevan,1,1.379999995
John And Teresa,1,1.379999995
Justyna,1,1.379999995
Samin,1,1.379999995
Odharnait,1,1.370000005
Olympia,1,1.370000005
Anna Maria,1,1.370000005
Roman,1,1.370000005
Paulina,1,1.370000005
Gerrie,1,1.370000005
Avril,1,1.36999999
Isabel,1,1.360000014
Martha And Chris,2,1.350000024
Mel,1,1.350000024
Nollaig,1,1.340000033
Billy,1,1.340000033
Nichola,1,1.340000033
Lena,1,1.330000043
Emel,1,1.330000043
Nollaig,4,1.330000043
Suhair,2,1.330000013
Noleen,1,1.329999983
Fadi,1,1.320000052
Raffaele,1,1.320000052
Stella,1,1.320000052
Vincent & Martina.,1,1.309999943
Bhavash,1,1.309999943
Magdalena,1,1.300000012
Martin & Margaret,1,1.299999952
Jenns,2,1.299999952
Garden,6,1.299999952
Ed,4,1.290000007
Merve,2,1.289999992
Fearghus,1,1.289999962
Cormac,3,1.280000001
Deborah,2,1.279999971
Raffaella,1,1.279999971
Steve,2,1.270000041
Aodán,1,1.269999981
Jacqulyn,1,1.269999981
Dwight,1,1.269999981
Anthony,3,1.269999981
Karla,1,1.269999981
Therese,2,1.269999981
Denys,1,1.25999999
Maggie,2,1.25999999
Zachary,1,1.24000001
Travelnest,35,1.239999957
Daniella,2,1.230000049
Maria&Marco,1,1.230000019
Dayaan,1,1.220000029
Christiane,1,1.220000029
Angela Christine Michel,1,1.220000029
David And Barbara,1,1.220000029
Derry,5,1.219999999
Ann Philomena,1,1.210000038
Kelvin,1,1.210000038
Darran,2,1.210000038
Jorge,1,1.210000038
Elizabeth Lesley,1,1.210000038
Toby,1,1.210000038
Eamon & Ann,1,1.210000038
Rab,1,1.200000048
Zulfiqar,1,1.200000048
Margot,1,1.200000048
Jennie,1,1.200000048
Laís,1,1.200000048
Andreas,1,1.200000018
Marianne,3,1.199999988
Gül,1,1.190000057
Ailish,1,1.190000057
Clare Anne,1,1.190000057
Tuğçe,1,1.190000057
Tim,1,1.189999998
Rosalind,3,1.180000037
Louise,2,1.180000007
Sinead,3,1.180000007
Jenny,2,1.179999992
Chloe,1,1.179999948
Bob,3,1.179999948
Eleonora,1,1.179999948
Bruce,1,1.179999948
Patricia & Kevin,1,1.179999948
Omar,1,1.169999987
Alannah,1,1.169999957
Garfield,2,1.169999957
Luis,2,1.169999957
Miguel,1,1.160000026
Andrew,5,1.159999996
Derrol,3,1.159999982
Joeanna,1,1.159999967
Carolina,1,1.159999967
Francis And Aisling,2,1.159999967
Alison,3,1.150000006
Tarah,2,1.149999976
Alfie,2,1.140000015
Lynne,1,1.139999986
Connell,1,1.139999986
Maks,3,1.139999986
Gina,1,1.129999995
Anne Teresa,1,1.129999995
Marian And Martin,1,1.129999995
Yahya,2,1.120000035
Oliver,1,1.120000005
Tiago,2,1.120000005
Serena,3,1.120000005
Mary T,2,1.110000014
Neo,1,1.110000014
Meredith,1,1.110000014
Ngoc,2,1.110000014
Phil,1,1.110000007
Lynda,3,1.109999985
Benoit,1,1.100000024
Rita,2,1.100000024
Flavio,1,1.100000024
Abbie,1,1.100000024
Romain,1,1.100000024
Conor,2,1.100000024
Lyn,2,1.090000033
Corinne,1,1.090000033
Vlad,1,1.090000033
Ber,1,1.090000033
Natasha,2,1.089999974
Diarmuid,2,1.080000043
Rhona,1,1.080000043
Jay,1,1.080000043
Tauqeer,1,1.080000043
Ronee,1,1.080000043
Christina,3,1.080000013
Friederike,1,1.070000052
Fraser,1,1.070000052
Conchita,2,1.060000032
Park Residence,2,1.060000002
Betty & Mick,2,1.059999943
Julia,2,1.059999943
Chidi,1,1.059999943
Zoë,3,1.050000012
Fitzclarence,1,1.049999952
Conhuir,1,1.049999952
Killian,1,1.049999952
Lilianna,2,1.039999992
Audrey Marie,2,1.039999962
Anirudh,2,1.039999962
Thantap (Sam),1,1.029999971
Isaac,1,1.029999971
Bee,1,1.029999971
Eily,2,1.029999971
Mary K,1,1.029999971
RoomPicks,32,1.020000011
Onboard,2,1.019999981
Anja,1,1.019999981
Julion,1,1.019999981
Caoimhin,2,1.01000002
Luís Eduardo,19,1.010000005
Christina,2,1.00999999
Roisin,2,1.00999999
Murat,1,1
Shivani,1,1
Dorian,1,1
Cillian,3,1
Sylwia,1,1
Matheus Felipe,3,1
Claire,4,1
Arda,1,1
Michelle & Patrick,1,1
Müzeyyen,1,1
Florence,1,1
Morganaigh,1,1
Cevher,1,1
Ray,11,1
Gary & Adrienne,1,1
Perla,1,1
Nataliya,1,1
Priscila K,1,1
MaireAine,1,1
Alessandro,1,1
Sebastien,1,1
Claire Emily,1,1
Sukhbat,1,1
Alexandra Cristina,1,1
Ray,1,1
Ghulam,1,1
Sergio,3,1
Connor,1,1
Sinem,1,1
Ladislau,1,1
Lara,1,1
Ariana,1,1
Claudia,1,1
Manuel,1,1
Yaren,1,1
Aoiffe,1,1
Özgün Ahmet,1,1
Ambar,1,1
Tommaso,2,1
Maebh,1,1
Alfredo,1,1
Uzma,1,1
Jon,1,1
Naomi,3,0.99000001
Roi Jindi,1,0.99000001
Noeleen,1,0.99000001
George,3,0.99000001
Senan,7,0.98999998
Sabine,1,0.980000019
Oghenerukevwe,1,0.980000019
Jonathan,2,0.980000019
Carolyne,1,0.980000019
Toni,1,0.980000019
Suri,1,0.980000019
Zandra,1,0.970000029
S,1,0.970000029
LIliane,2,0.970000029
John & Janis,1,0.970000029
Mr,7,0.969999999
Henry And Elaine,2,0.969999999
Sonya,1,0.969999969
Katayi,4,0.969999969
Olive,1,0.959999979
Carol,2,0.959999979
Catriona And Desi,2,0.949999988
Gerard Michael,1,0.949999988
Michael Lee,3,0.949999988
Adam,2,0.949999988
Gregory Robert,1,0.949999988
Maggie,1,0.949999988
Tracy,3,0.940000027
Miriam,4,0.939999998
Raymond,1,0.939999998
Rene Catherine,1,0.939999998
Emmanuel,1,0.939999998
Jeanette,1,0.939999998
Liyi,3,0.939999998
Gillian,6,0.93999999
Anatolie,1,0.930000007
Carol Ann,1,0.930000007
Annemarie,1,0.930000007
Kitty,1,0.930000007
Ayush,1,0.930000007
Helen Mulhall,1,0.930000007
Lily,1,0.930000007
Regina,1,0.929999977
Dianne,1,0.920000017
Piers,2,0.920000017
Ethna,1,0.920000017
Fabiula,1,0.920000017
Nadine,1,0.910000026
Deaglan,1,0.910000026
Desmond Brendan,1,0.910000026
Kieron,1,0.910000026
Halil Ibrahim,1,0.910000026
Ramesh,1,0.910000026
Daryl,1,0.910000026
Aideen,1,0.910000026
Dominique,1,0.899999976
Kerri,1,0.899999976
Denis And Joyce,3,0.899999976
Waw,1,0.899999976
Joanne & Tony,1,0.899999976
Linda,2,0.899999976
Dion,1,0.899999976
Rossa,1,0.899999976
Caroo,1,0.889999986
Belen,1,0.889999986
Shelma,1,0.889999986
Delaney Family,1,0.879999995
Lucie,1,0.879999995
Frances And William,1,0.879999995
Julio,1,0.879999995
Rosi,2,0.879999995
Sidra,3,0.879999995
Sultan,1,0.879999995
Selcan,1,0.879999995
Bonnie,2,0.870000005
Madge,1,0.870000005
Slaney,1,0.870000005
Tessa,1,0.870000005
Therese,6,0.870000005
Zaidoon,1,0.870000005
Madeline And John,1,0.860000014
Roy,3,0.860000014
Ann Marie,1,0.860000014
Justine,1,0.860000014
Anderson,3,0.860000014
Joy,1,0.860000014
Muhammed Talha,1,0.860000014
Tuba,1,0.860000014
Didi,1,0.860000014
Paul And Karen,1,0.850000024
Dorcas,1,0.850000024
Simeon,1,0.850000024
Mary & Seamus,3,0.850000024
Sue,5,0.850000016
Michelle,2,0.850000013
Ana,1,0.839999974
John Or Kammy,1,0.839999974
Annabel,1,0.839999974
Raquel,1,0.839999974
Garret,2,0.839999974
Lynn,2,0.829999998
Maureen,3,0.829999998
Fatih Coşkun,1,0.829999983
Durwin & Shelley,1,0.829999983
Rosaleen,1,0.829999983
Darrell,1,0.829999983
Riona,1,0.829999983
Fearghal,1,0.829999983
Nour,1,0.829999983
Niels,1,0.829999983
Ugurcan,1,0.829999983
Nira,1,0.829999983
Avril,2,0.829999968
Jonny,1,0.819999993
Abby,2,0.819999993
Lynn,1,0.810000017
Breege,2,0.810000002
Suzanne Marguerite,1,0.810000002
David And Alex,1,0.810000002
Taner,3,0.810000002
Shane,8,0.810000002
Thomas J,1,0.810000002
Galway City,9,0.800000027
Mary-Ellen,1,0.800000012
Katrina,1,0.800000012
Seamus And Leonie,1,0.800000012
Catalina,1,0.800000012
Sonja,1,0.800000012
Muireann,1,0.800000012
Haein,1,0.800000012
Roderick,3,0.779999971
Matthew,2,0.769999981
Matteo,1,0.769999981
Houst,1,0.769999981
Karin,1,0.769999981
Turkay,1,0.769999981
Olivia,2,0.760000028
Michael And Sharon,1,0.75999999
Yvonne And Paul,1,0.75999999
Noelle,4,0.75999999
Iona,1,0.75999999
Mingtao,3,0.75
John & Julie,1,0.75
Jacinta & David,1,0.75
Melinda,1,0.75
Abdulazeez,1,0.75
Finia,1,0.75
Mona,2,0.74000001
Sadhbh,1,0.74000001
Madeline,1,0.74000001
Ponie,1,0.74000001
Sarah Rebecca (Becci),1,0.730000019
Ahmed,1,0.730000019
Conall,1,0.730000019
Mary-Kate,1,0.730000019
Prionsias,2,0.730000019
Desmond,1,0.729999989
Yasmin,1,0.720000029
Marguerite,1,0.720000029
Breffni,1,0.720000029
Mathilde,1,0.720000029
Neisha,1,0.720000029
Fergal Mark,1,0.720000029
Riana,2,0.710000008
Teresa,3,0.710000008
Fatima,2,0.709999979
Alana,1,0.709999979
Gillane,1,0.709999979
Berivan,1,0.709999979
Justin,1,0.709999979
Dean,1,0.709999979
Regina,2,0.700000025
Sag,24,0.700000003
Kim,1,0.699999988
Rehber,1,0.699999988
Láragh,1,0.699999988
Lucas,1,0.699999988
Irene,2,0.699999988
Mariem,2,0.690000013
Ace York,9,0.690000005
Ashlene,1,0.689999998
Joe And Christina,1,0.689999998
Danny,3,0.689999983
Oonagh,1,0.680000007
Abigail,1,0.680000007
Muckno,2,0.680000007
Daithí,1,0.680000007
Aaron,4,0.670000017
Mary Theresa,1,0.670000017
Marisa,1,0.670000017
Janine,1,0.670000017
Andi,1,0.670000017
Cynthia,1,0.669999994
Urban Stays,2,0.669999987
Lisanne,2,0.669999987
Gillian,2,0.660000026
Corinne,6,0.660000026
Anastasiia,1,0.660000026
Nigel,2,0.660000026
Ionut,7,0.659999982
Chi,2,0.650000006
Bernadatte,1,0.649999976
Carmen & Robert,1,0.649999976
Ece,1,0.649999976
Vivienne,1,0.639999986
Kathy,2,0.639999986
Rosaleen & Tom,1,0.639999986
Dirk,2,0.639999975
Noreen,4,0.63000001
Karol,2,0.629999995
Dympna+Eric,1,0.629999995
Church View,1,0.629999995
Freda,2,0.629999995
Nekesa,1,0.629999995
Euan,1,0.620000005
Dumitras,1,0.620000005
Silvana,1,0.610000014
Tanveer,1,0.610000014
Emirhan,1,0.610000014
Ciara,10,0.610000014
Hona,1,0.610000014
Maryjo,2,0.610000014
Sandra Bispo,22,0.609999985
Colum,1,0.600000024
Jacinta,1,0.600000024
Robert,7,0.590000004
Lorna,3,0.589999989
Frankie,1,0.589999974
Aisling Mary,3,0.589999974
Freda,1,0.589999974
Kate,6,0.580000013
Constance And Conor,1,0.579999983
Pat And Barbara,1,0.579999983
Rumen,1,0.579999983
Connie,2,0.579999983
Copper,1,0.579999983
Susannah,1,0.579999983
Lisette,1,0.579999983
Liam & Maria,1,0.569999993
Myles,2,0.569999993
Kate And Stephen,1,0.569999993
Fionnuala,2,0.569999993
Noelia,1,0.569999993
Avni,1,0.560000002
Shikha,1,0.560000002
Carole,3,0.559999987
Rachael,2,0.559999987
Berny,1,0.550000012
Scott,1,0.550000012
Adina,1,0.550000012
Des/Jennifer,1,0.550000012
Ferhat,1,0.550000012
Karim,1,0.540000021
Conan,1,0.540000021
Huy,1,0.540000021
Sovay,1,0.540000021
Rory,20,0.540000021
Di,1,0.529999971
Aimee,1,0.529999971
Cathy,4,0.519999996
Kari Helene,1,0.519999981
Mgt,1,0.519999981
Emily,2,0.510000005
Niall,4,0.510000002
Lynette,1,0.50999999
Amit,2,0.50999999
Eve,2,0.50999999
Stuart,2,0.50999999
Suneet,1,0.50999999
Jp,1,0.50999999
Clara Maria,5,0.509999983
Sheilagh,6,0.500000013
Jenni,1,0.5
Margaret Ellen,1,0.5
Alper,1,0.5
Mary J,1,0.49000001
Anthony P,1,0.49000001
Edvania & Martin,1,0.49000001
Madeleine,1,0.49000001
Mario Mauricio,1,0.49000001
Tanya,3,0.489999995
Joshua,3,0.489999995
Yvonne,2,0.489999995
Shane,4,0.479999989
Billy,2,0.479999989
Goran,1,0.479999989
Moira,1,0.479999989
Ailbhe,1,0.479999989
Marian And John,3,0.470000014
Elaine,2,0.469999999
*  Mary,1,0.460000008
Mojisola,1,0.460000008
Joanna,3,0.460000008
Lisa Marie,1,0.460000008
Joe,3,0.450000003
Doris,1,0.439999998
Kiran,1,0.439999998
Mr,8,0.439999994
Inishcoo,1,0.430000007
Ewan,1,0.430000007
Giltraps,5,0.430000002
Marese,2,0.429999992
Benita,1,0.419999987
Win,1,0.419999987
Mareike,1,0.419999987
Russell,1,0.419999987
Tania,1,0.419999987
Joyce,1,0.409999996
Breda,2,0.409999996
Castle,1,0.409999996
Gian-Piéro,1,0.409999996
Sean & Paula,1,0.409999996
Emre Can,1,0.409999996
Susann,1,0.409999996
Carmel & Joseph,1,0.409999996
Vinnie,1,0.409999996
Bernadettte,1,0.400000006
Emrehan,1,0.400000006
Vivien,1,0.400000006
Eleni,1,0.400000006
Charlene,1,0.400000006
Mariana,2,0.400000006
Nigel,1,0.390000001
Orla,4,0.390000001
Val,1,0.389999986
Mesut,1,0.389999986
Sinead & Kieran,1,0.389999986
Isla,1,0.389999986
Zoe,1,0.379999995
Marie-Sophie,1,0.379999995
Cornelia,1,0.379999995
Cassie,1,0.379999995
Jackie And Colum,1,0.379999995
Nalini,2,0.379999995
Stellar,2,0.370000012
Kathleen,3,0.370000005
Salih,1,0.370000005
Yvette,1,0.370000005
Joel,1,0.370000005
Rémi,1,0.370000005
Dotun,1,0.370000005
Aleksandra,1,0.36999999
Laurene,2,0.360000014
Erkin,1,0.360000014
Marykate,1,0.360000014
Maurits,1,0.360000014
Maedbh,1,0.360000014
Tamar,1,0.360000014
Dara,3,0.350000009
Emma,8,0.350000009
Moneylands Farm,2,0.350000001
Morgan,2,0.349999994
Mary Teresa,1,0.349999994
Cornelius,1,0.349999994
Sarah,4,0.340000007
Rocky,1,0.340000004
Joel,2,0.340000004
Tommie,1,0.340000004
Vishudhdhibahen,1,0.340000004
Rercy,2,0.340000004
Bunly,1,0.340000004
Cliodhna,1,0.340000004
Alexander,1,0.340000004
Mary-Anne,1,0.340000004
Joe,2,0.330000013
Candy,1,0.330000013
Lisa,2,0.329999998
Angus,1,0.319999993
Simone,1,0.319999993
Tayfun,1,0.319999993
Evan,1,0.319999993
Jj,4,0.310000004
Jordan,1,0.310000002
Travelnest,3,0.310000002
Clíona,1,0.310000002
Magdalena,2,0.310000002
Shany,1,0.310000002
Kathleen,4,0.310000002
Gab,1,0.310000002
Eimir,1,0.310000002
Des And Margaret,3,0.310000001
Elaine,4,0.309999995
Felipe,1,0.300000012
Helen,4,0.300000012
Ademir,1,0.300000012
Helena,2,0.300000001
Verena,1,0.289999992
Trudy,1,0.289999992
Iseult,1,0.289999992
Roderick,1,0.289999992
Robbie,2,0.289999992
Jaqueline,1,0.289999992
Jette,1,0.289999992
Eltin,1,0.280000001
Sofia,1,0.280000001
Sue Ellen,1,0.280000001
Richella,2,0.280000001
Mariangela,1,0.270000011
Jeane,2,0.270000011
Andrina,1,0.270000011
Eghosa Victor,1,0.25999999
Marek & Patricia,1,0.25999999
Howard,1,0.25999999
Carol And Ian,1,0.25999999
Marcus,1,0.25
Oxana,2,0.25
Lola,1,0.25
Natasha,3,0.25
Roseann,1,0.239999995
Dj,1,0.239999995
Rental Ireland,2,0.239999995
Lesa,1,0.239999995
Jules,1,0.239999995
Kris,1,0.239999995
Audrey,3,0.230000006
Monique,1,0.230000004
Stefano,1,0.230000004
Lavinia,2,0.230000004
Weldon,1,0.230000004
Lorcan,1,0.230000004
Moira,2,0.230000004
J.J.,1,0.230000004
Karol,1,0.219999999
Martin,16,0.219999999
Aleana,1,0.219999999
Margaret,5,0.210000001
Retro Camper Hire,1,0.209999993
Naomi,1,0.209999993
Elske,1,0.209999993
Rabeya,1,0.209999993
Joanie & Thomas,2,0.200000003
Rick,1,0.200000003
Chris & Pauline,1,0.200000003
Danny,1,0.200000003
Dorene,1,0.200000003
Otto,1,0.200000003
Kevin,2,0.189999998
Killaloe Hotel And Spa,1,0.189999998
Pedro,1,0.189999998
Chris & Meadhbh,1,0.189999998
Nyree,1,0.189999998
Synergy,4,0.189999998
Travelnest,1,0.180000007
Tomas,3,0.180000007
Franky,2,0.180000007
M,1,0.180000007
Pam,1,0.180000007
Medha,1,0.180000007
Rafael,1,0.170000002
Dabheoc,1,0.170000002
Nola,1,0.170000002
Herbie,1,0.170000002
Richard - Interhome Group,44,0.16
Busra,1,0.159999996
Itzel,1,0.159999996
Clement,1,0.159999996
Donald,1,0.159999996
April,2,0.159999996
Ballindooley,1,0.159999996
Serge,1,0.159999996
Gena,1,0.150000006
Senija,1,0.150000006
Ceara,1,0.150000006
Olivier,1,0.150000006
Aberdeen,1,0.150000006
Agnieszka,1,0.150000006
Abigail,3,0.150000006
Sandy,1,0.150000006
Jonathon,1,0.140000001
Alexis,2,0.140000001
Christoffer,1,0.140000001
Souaad,1,0.140000001
Geisa,2,0.140000001
Markus And Karolina,1,0.140000001
Zoe,5,0.140000001
Gülşah,1,0.140000001
Ethel,2,0.139999999
ScholarLee,2,0.129999995
Harriet & Des,2,0.129999995
Sacha,1,0.129999995
Joana,1,0.129999995
Finn,1,0.129999995
Nicola,5,0.129999995
Dream Ireland,40,0.129999995
Vanshita,1,0.119999997
Douglas,2,0.119999997
Adeola,1,0.119999997
Emma-Jane,1,0.119999997
Gary,2,0.119999997
Doug,1,0.119999997
Adebisi,1,0.109999999
McBride Property,23,0.109999999
Ogochukwu,1,0.109999999
Naushad,2,0.100000001
Sangeeta,1,0.100000001
Kareem,1,0.100000001
Reserve,1,0.090000004
Bar,1,0.090000004
Colleen,1,0.090000004
Tullynacrunant,1,0.090000004
Helich,1,0.079999998
Leonie,1,0.079999998
Conn,2,0.079999998
Seaghan,1,0.079999998
John & Elaine,1,0.079999998
Zane,1,0.079999998
Conor & Annie,1,0.079999998
Pablo,1,0.079999998
Federico,1,0.079999998
Francesca,2,0.07
Gosia,1,0.07
Marielle,1,0.07
Olu,1,0.07
Westley,1,0.07
Gabzz,1,0.059999999
Narimane,1,0.059999999
Raghad,1,0.059999999
Elsa,1,0.059999999
Rebeka,1,0.059999999
Imogen,1,0.059999999
Abraham,1,0.059999999
David,4,0.050000001
Karena,1,0.050000001
Lorna,32,0.050000001
Hollie,1,0.050000001
Matthieu,1,0.039999999
Cris,1,0.039999999
Juan Pablo,2,0.039999999
Arvesh,1,0.039999999
Roderick And Helena,5,0.029999999
Dinah,1,0.029999999
Patricia (Trish),1,0.029999999
Michał,1,0.02
Sabrina,2,0.01
Hilda,2,0.01
